ID,Predicted RFS
TRG002649,64.79761904761905
TRG002628,47.69047619047619
